Citizen,Nature,National Development,Borders,Economy,Communications
education,agriculture,industry,trade,treasury,communications
skills,water,science,home affairs,finance,censorship
employment,environment,energy,defence,credit,telecommunications
health,recycling,resources,foreign affairs,tax,broadcasting
education,preservation,infrastructure,migration,financial,broadband
university,wildlife,transport,security,trade,identity
student,agricultural,regional development,cybersecurity,levy,abc
social,veterinary,mining,application,fees,competition
vet,native,technology,aviation,superannuation,SBS
school,flora,space,regional,income,data retention
services,fauna,offshore,military,registries,monopoly
students,mineral,petroleum,armed forces,sanction,freedom of information
care,climate,patent,visa,consumer,board
vocational,anthropogenic,investment,defence force,market,social media
training,apvma,development,citizenship,financial,
security,carbon,foreign ownership,intelligence,debt,
antidoping,emissions,radioactive waste,border,national debt,services
hospital,greenhouse gas,tourism,offshore,treasury,service
sports,sanctuary,research,regulations,corporations,nbn
vaccine,lamb,maritime,considered,tourism,connected
unemployment,marine,coastal,convicted,business,commercial
jobseeker,drought,commonwealth,terrorism,excise,infrastructure
jobkeeper,cattle,boundary,national,paid,wireless
centrelink,oils,community,federal,asic,satellite
veterans,chemical,sustainability,immigration,unemployment,network
emergency,flood,sustainable,detention,centrelink,radio
disability,fire,regulatory,identification,taxation,licensees
supplement,farm,levies,intelligence,imposition,communications
nvr,biosecurity,territory,international,jobkeeper,media
recipients,wine,land,noncommercial,aud,charter
higher income,biodiversity,dispose,adf,registry,broadcast
parental,endangered,patents,identity,jobseeker,programs
children,dairy,air,counterterrorism,tourism,entertain
wellbeing,protected,aviation,commonwealth,stimulus,cultural
subsidy,renewable,carriers,laundering,export,diversity
stimulus,sheep,civil,officers,import,connection
fee help,oil,electronic,crime,subsidise,journalist
aged,food,waters,offence,fund,bitstream
relation,,ghg,australia,subsidy,providers
health,,power,screening,investment,lines
family,,crossboundary,visas,expenditure,broadband
quality,,,trade,power providers,news
cdc,,,maritime,insurance,telecommunications
entitlement,,,defence,capital,
minor,,,cohort,offset,
therapeutic,,,,mortgage,
allowance,,,,revenue,
sport,,,,consolidated,
tuition,,,,money,
,,,,bills,
,,,,financing,